collection_type,Tasks,Heat,Memory Usage
1,5991,14.493799145935517,0.00450622765331331
0,6009,14.50775591572639,0.00451937875569979
