machine_id,duration,prediction
816434060,12308574,15537372.979250284
70279238,12406088,15509807.809172109
88521065,19314362,15138052.94049352
431494252,25133107,15890874.605239134
362555690,10870942,15959432.319767172
24891799,16735490,15748515.335671877
193913012,25752548,15629414.148119126
419420358,23066948,15470838.231022876
256858179,3896329,15239552.253083546
697787699,14318134,15465635.879046815
