machine_id,heat,prediction
816434060,15.2325947,14.67829642273744
70279238,13.8100696,14.453341477037721
88521065,17.0186683,14.554280841449685
431494252,10.603134,14.423231601606858
362555690,18.356631999999998,14.428365221080563
24891799,10.4474247,14.370598499654209
193913012,11.536814,14.706259584503352
419420358,16.4249907,14.493170505408791
256858179,14.568551,14.516300459212896
697787699,12.2194961,14.506299129348978
