Total Tasks,Avg CPU Usage,Peak CPU,Assigned Memory,Memory Usage,Avg Heat,Total Energy,Avg Duration,Total Heat,Failure Rate (%)
12000,0.04500787998408335,0.04507037215174981,0.024912658954500084,0.004512813067833337,14.500787998408304,8426.461341126393,15632475.996583333,174009.45598089966,49.94166666666667
