priority,Tasks,Heat,Failure Rate (%)
0,1290,14.602263123565901,50.07751937984496
1,1369,14.490896000657427,51.05916727538349
2,1360,14.505722741323526,48.30882352941177
3,1294,14.569883288176232,50.9273570324575
4,1335,14.459332966142327,50.78651685393258
5,1307,14.546685077964801,49.655700076511096
6,1364,14.393356454618791,50.733137829912025
7,1384,14.457099516329484,50.21676300578035
8,1297,14.492210626137219,47.64841942945258
