scheduling_class,Tasks,CPU,Heat,Failure Rate (%)
1,2400,0.04518035666250008,14.518035666250011,49.083333333333336
3,2445,0.04618078882699385,14.61807888269938,49.77505112474437
4,2311,0.044715675009952376,14.471567500995244,50.02163565556036
2,2430,0.04466462235596703,14.466462235596708,50.78189300411523
0,2414,0.04427370251201329,14.427370251201314,50.041425020712516
